{
  "wave_start_time": [
    0.0,
    0.0011520000000000141,
    0.002932000000000018,
    0.0029679999999999984
  ],
  "wave_amp": [
    1.148889932905324,
    40.78163611086819,
    38.97392948958478,
    -0.1262760856099867
  ],
  "wave_start_time_real_axis": [
    0.20025199999999999,
    0.201404,
    0.203184,
    0.20321999999999998
  ],
  "waveform_time_origin": 0.20025199999999999,
  "time_origin": 0.20025199999999999,
  "gated_time": [
    0.0032000000000000084,
    0.003296000000000021,
    0.003392000000000006,
    0.003492000000000023,
    0.003596000000000016,
    0.003700000000000009,
    0.00381200000000001,
    0.003924000000000011,
    0.004040000000000016,
    0.004156000000000021,
    0.004280000000000006,
    0.004408000000000023,
    0.004536000000000012,
    0.0046720000000000095,
    0.004808000000000007,
    0.004952000000000012,
    0.005096000000000017,
    0.005248000000000003,
    0.005400000000000016,
    0.005560000000000009,
    0.005724000000000007,
    0.005896000000000012,
    0.006068000000000018,
    0.0062480000000000036,
    0.006432000000000021,
    0.006620000000000015,
    0.0068160000000000165,
    0.007020000000000026,
    0.007224000000000008,
    0.007440000000000002,
    0.007660000000000028,
    0.007884000000000002,
    0.008116000000000012,
    0.008356000000000002,
    0.008604000000000028,
    0.008856000000000003,
    0.009120000000000017,
    0.009388000000000007,
    0.009664000000000006,
    0.009952000000000016,
    0.010244000000000003,
    0.010548000000000002,
    0.010856000000000005,
    0.011180000000000023,
    0.011508000000000018,
    0.011848000000000025,
    0.012196000000000012,
    0.012556000000000012,
    0.012928000000000023,
    0.013308000000000014,
    0.013704000000000022,
    0.01410800000000001,
    0.014524000000000009,
    0.01495200000000002,
    0.015392000000000017,
    0.015848,
    0.016316000000000025,
    0.016796000000000005,
    0.017292000000000002,
    0.017804000000000014,
    0.01832800000000001,
    0.018868000000000024,
    0.019428,
    0.020000000000000018
  ],
  "gated_time_abs": [
    0.203452,
    0.203548,
    0.203644,
    0.203744,
    0.203848,
    0.203952,
    0.204064,
    0.204176,
    0.204292,
    0.204408,
    0.204532,
    0.20466,
    0.204788,
    0.204924,
    0.20506,
    0.205204,
    0.205348,
    0.2055,
    0.205652,
    0.205812,
    0.205976,
    0.206148,
    0.20632,
    0.2065,
    0.206684,
    0.206872,
    0.207068,
    0.207272,
    0.207476,
    0.207692,
    0.207912,
    0.208136,
    0.208368,
    0.208608,
    0.208856,
    0.209108,
    0.209372,
    0.20964,
    0.209916,
    0.210204,
    0.210496,
    0.2108,
    0.211108,
    0.211432,
    0.21176,
    0.2121,
    0.212448,
    0.212808,
    0.21318,
    0.21356,
    0.213956,
    0.21436,
    0.214776,
    0.215204,
    0.215644,
    0.2161,
    0.216568,
    0.217048,
    0.217544,
    0.218056,
    0.21858,
    0.21912,
    0.21968,
    0.220252
  ],
  "gated_rx": [
    0.5516990085469607,
    0.35721316864345354,
    0.2574206392631624,
    0.19937878454113522,
    0.16301765787185046,
    0.1393694560313936,
    0.12126925216433194,
    0.10778039338762287,
    0.09688530047840982,
    0.08812771831342132,
    0.08040021706368812,
    0.07369786942802439,
    0.06794989310733004,
    0.06268033484981088,
    0.058085701320751755,
    0.05381026702651942,
    0.05002338846182445,
    0.04645385193048386,
    0.04325235795072588,
    0.04022196619971868,
    0.037433853197734075,
    0.03479778369408197,
    0.03257268555990183,
    0.030233149297714295,
    0.0278202850439167,
    0.025638584020477535,
    0.02362307096440044,
    0.02178478180621723,
    0.020158988532679698,
    0.018617268429710426,
    0.017203494881340056,
    0.015928707183701693,
    0.014699460475704322,
    0.013561990295069472,
    0.012495495426827291,
    0.011515066291645542,
    0.010586995146312107,
    0.009716624693568732,
    0.00892262426498624,
    0.008167394501776696,
    0.007470340698752232,
    0.006823295339911388,
    0.006213508696207234,
    0.005659175031334974,
    0.005123137260228316,
    0.0046380618514581876,
    0.004180420624433904,
    0.003750943724520158,
    0.003346183104409863,
    0.003002321874890526,
    0.0026789719520638497,
    0.002398405587196048,
    0.0021569593670027,
    0.001959006631332701,
    0.0017823171774642352,
    0.0016198658817842067,
    0.0014623243422658562,
    0.001308353739894015,
    0.001154875723513612,
    0.0010103773401939433,
    0.0008638257551857974,
    0.0007345956759387066,
    0.0006363204694373948,
    0.0005481515310178367
  ],
  "time_gate_start": 0.0032,
  "time_gate_end": 0.02,
  "time_gate_count": 64
}