{
  "wave_start_time": [
    0.0,
    0.0011919999999999986,
    0.002948000000000006,
    0.0029840000000000144
  ],
  "wave_amp": [
    1.104918690887488,
    40.55689420657573,
    56.93862477327089,
    -0.4291890861766777
  ],
  "wave_start_time_real_axis": [
    0.20024799999999998,
    0.20143999999999998,
    0.203196,
    0.203232
  ],
  "waveform_time_origin": 0.20024799999999998,
  "time_origin": 0.20024799999999998,
  "gated_time": [
    0.0032000000000000084,
    0.003296000000000021,
    0.003392000000000006,
    0.003492000000000023,
    0.003596000000000016,
    0.003700000000000009,
    0.00381200000000001,
    0.003924000000000011,
    0.004040000000000016,
    0.004156000000000021,
    0.004280000000000006,
    0.004408000000000023,
    0.004536000000000012,
    0.0046720000000000095,
    0.004808000000000007,
    0.004952000000000012,
    0.005096000000000017,
    0.00524800000000003,
    0.005400000000000016,
    0.005560000000000009,
    0.005724000000000007,
    0.005896000000000012,
    0.006068000000000018,
    0.006248000000000031,
    0.006432000000000021,
    0.006620000000000015,
    0.0068160000000000165,
    0.007020000000000026,
    0.007224000000000008,
    0.00744000000000003,
    0.007660000000000028,
    0.00788400000000003,
    0.008116000000000012,
    0.00835600000000003,
    0.008604000000000028,
    0.00885600000000003,
    0.009120000000000017,
    0.009388000000000007,
    0.009664000000000006,
    0.009952000000000016,
    0.01024400000000003,
    0.01054800000000003,
    0.010856000000000032,
    0.011180000000000023,
    0.011508000000000018,
    0.011848000000000025,
    0.012196000000000012,
    0.012556000000000012,
    0.012928000000000023,
    0.013308000000000014,
    0.013704000000000022,
    0.01410800000000001,
    0.014524000000000009,
    0.01495200000000002,
    0.015392000000000017,
    0.01584800000000003,
    0.016316000000000025,
    0.016796000000000005,
    0.01729200000000003,
    0.017804000000000014,
    0.01832800000000001,
    0.018868000000000024,
    0.01942800000000003,
    0.020000000000000018
  ],
  "gated_time_abs": [
    0.203448,
    0.203544,
    0.20364,
    0.20374,
    0.203844,
    0.203948,
    0.20406,
    0.204172,
    0.204288,
    0.204404,
    0.204528,
    0.204656,
    0.204784,
    0.20492,
    0.205056,
    0.2052,
    0.205344,
    0.205496,
    0.205648,
    0.205808,
    0.205972,
    0.206144,
    0.206316,
    0.206496,
    0.20668,
    0.206868,
    0.207064,
    0.207268,
    0.207472,
    0.207688,
    0.207908,
    0.208132,
    0.208364,
    0.208604,
    0.208852,
    0.209104,
    0.209368,
    0.209636,
    0.209912,
    0.2102,
    0.210492,
    0.210796,
    0.211104,
    0.211428,
    0.211756,
    0.212096,
    0.212444,
    0.212804,
    0.213176,
    0.213556,
    0.213952,
    0.214356,
    0.214772,
    0.2152,
    0.21564,
    0.216096,
    0.216564,
    0.217044,
    0.21754,
    0.218052,
    0.218576,
    0.219116,
    0.219676,
    0.220248
  ],
  "gated_rx": [
    0.7409644648494237,
    0.4342880596059321,
    0.29298894480758375,
    0.21711578096583098,
    0.17254398599112608,
    0.14400382642002857,
    0.12285557102495095,
    0.10749311417903915,
    0.0953577970749709,
    0.08580150418646765,
    0.07753374462493219,
    0.0705088729837786,
    0.06460193719295933,
    0.059262533733151136,
    0.054642203734273066,
    0.05037583129415539,
    0.04661358225711926,
    0.0431163245877198,
    0.040011299335782624,
    0.037102855190705615,
    0.03441030443673476,
    0.03186566489524195,
    0.02969224702339149,
    0.027483593058612407,
    0.02526082454439176,
    0.02325167939382465,
    0.021414786081210148,
    0.01975873441139103,
    0.01827572943177055,
    0.016863848509691227,
    0.015586746034561774,
    0.01441318464193847,
    0.013308190114747187,
    0.012268434087250967,
    0.01130213247198473,
    0.010408427421614694,
    0.009555779048374806,
    0.008778705268749937,
    0.008060419873980762,
    0.0073753092148563775,
    0.006745327979710953,
    0.006153373485786697,
    0.005608148905119746,
    0.0050945328089322265,
    0.004624226785399804,
    0.0041813370670785235,
    0.0037748542717050025,
    0.0033849827620571643,
    0.003018223221398581,
    0.0026967590183441933,
    0.00239679348329696,
    0.002143180588014538,
    0.0019251395524414899,
    0.0017474908159462459,
    0.0015949484791437589,
    0.0014590617862562767,
    0.0013148353914398784,
    0.0011807495645973466,
    0.0010447798675396194,
    0.0009138011194838759,
    0.0007756697624236209,
    0.0006532502890717336,
    0.0005672549082075332,
    0.00048624308911921404
  ],
  "time_gate_start": 0.0032,
  "time_gate_end": 0.02,
  "time_gate_count": 64
}