{
  "wave_start_time": [
    0.0,
    0.0012199999999999989,
    0.0031079999999999997,
    0.003127999999999992
  ],
  "wave_amp": [
    2.5559696774817713,
    45.03218951953153,
    40.278409673005804,
    -0.11161900493740667
  ],
  "wave_start_time_real_axis": [
    0.2001,
    0.20132,
    0.203208,
    0.203228
  ],
  "waveform_time_origin": 0.2001,
  "time_origin": 0.2001,
  "gated_time": [
    0.0032000000000000084,
    0.0032959999999999934,
    0.003392000000000006,
    0.003491999999999995,
    0.003595999999999988,
    0.003700000000000009,
    0.00381200000000001,
    0.003924000000000011,
    0.004039999999999988,
    0.004155999999999993,
    0.004280000000000006,
    0.004407999999999995,
    0.004536000000000012,
    0.0046720000000000095,
    0.004808000000000007,
    0.004952000000000012,
    0.005095999999999989,
    0.005248000000000003,
    0.005399999999999988,
    0.005560000000000009,
    0.005724000000000007,
    0.005896000000000012,
    0.00606799999999999,
    0.0062480000000000036,
    0.006431999999999993,
    0.006619999999999987,
    0.006815999999999989,
    0.0070199999999999985,
    0.007224000000000008,
    0.007440000000000002,
    0.00766,
    0.007884000000000002,
    0.008116000000000012,
    0.008356000000000002,
    0.008604,
    0.008856000000000003,
    0.00911999999999999,
    0.009388000000000007,
    0.009664000000000006,
    0.009951999999999989,
    0.010244000000000003,
    0.010548000000000002,
    0.010856000000000005,
    0.011179999999999995,
    0.01150799999999999,
    0.011847999999999997,
    0.012196000000000012,
    0.012556000000000012,
    0.012927999999999995,
    0.013307999999999987,
    0.013703999999999994,
    0.01410800000000001,
    0.014524000000000009,
    0.014951999999999993,
    0.015391999999999989,
    0.015848,
    0.016315999999999997,
    0.016796000000000005,
    0.017292000000000002,
    0.017803999999999987,
    0.01832800000000001,
    0.018867999999999996,
    0.019428,
    0.01999999999999999
  ],
  "gated_time_abs": [
    0.2033,
    0.203396,
    0.203492,
    0.203592,
    0.203696,
    0.2038,
    0.203912,
    0.204024,
    0.20414,
    0.204256,
    0.20438,
    0.204508,
    0.204636,
    0.204772,
    0.204908,
    0.205052,
    0.205196,
    0.205348,
    0.2055,
    0.20566,
    0.205824,
    0.205996,
    0.206168,
    0.206348,
    0.206532,
    0.20672,
    0.206916,
    0.20712,
    0.207324,
    0.20754,
    0.20776,
    0.207984,
    0.208216,
    0.208456,
    0.208704,
    0.208956,
    0.20922,
    0.209488,
    0.209764,
    0.210052,
    0.210344,
    0.210648,
    0.210956,
    0.21128,
    0.211608,
    0.211948,
    0.212296,
    0.212656,
    0.213028,
    0.213408,
    0.213804,
    0.214208,
    0.214624,
    0.215052,
    0.215492,
    0.215948,
    0.216416,
    0.216896,
    0.217392,
    0.217904,
    0.218428,
    0.218968,
    0.219528,
    0.2201
  ],
  "gated_rx": [
    1.9461025301078063,
    1.435801700710148,
    0.7669275356309796,
    0.44888213097410895,
    0.2936295565122877,
    0.2133381061183523,
    0.1644606663065529,
    0.1342910994086155,
    0.11334935142022018,
    0.09837583598954265,
    0.08639548366594024,
    0.07686402392346685,
    0.0692849222534264,
    0.06262040369771718,
    0.0570438332390795,
    0.05206239189327175,
    0.04782613912660473,
    0.04395451387161423,
    0.04058438375589451,
    0.03744659729065599,
    0.034587520368178366,
    0.031892591392835706,
    0.029486122316143552,
    0.027407760704929007,
    0.025264124879231378,
    0.02318476078416798,
    0.021276499340864063,
    0.019542585291918362,
    0.01804462620373359,
    0.016627743471835106,
    0.015326516723312535,
    0.014155895281506034,
    0.013064026181845488,
    0.012022930058755921,
    0.011062054363378076,
    0.01017879370667244,
    0.009334809694385798,
    0.00856129900393494,
    0.007852510619262064,
    0.007184754725473076,
    0.006564342911347255,
    0.005987966133337295,
    0.005454451216818201,
    0.004952234193650571,
    0.0044933932199411,
    0.004080648163624753,
    0.003666949996158075,
    0.003298861254174172,
    0.0029403655586197753,
    0.0026185662198795812,
    0.002319902741858461,
    0.0020588327324325972,
    0.0018353294523058168,
    0.0016677127261622217,
    0.0015118202130435493,
    0.0013858795757254758,
    0.0012635094045429654,
    0.00113333846675232,
    0.0010012172752628678,
    0.0008889624740454148,
    0.0007606936873336017,
    0.0006274320467746444,
    0.0005490193590881288,
    0.0004651650751232525
  ],
  "time_gate_start": 0.0032,
  "time_gate_end": 0.02,
  "time_gate_count": 64
}