{
  "wave_start_time": [
    0.0,
    0.0012959999999999916,
    0.00293199999999999,
    0.0029759999999999787
  ],
  "wave_amp": [
    1.5788309659690627,
    40.869578595158494,
    33.34072480492681,
    -0.5366743444423057
  ],
  "wave_start_time_real_axis": [
    0.200268,
    0.201564,
    0.2032,
    0.20324399999999998
  ],
  "waveform_time_origin": 0.200268,
  "time_origin": 0.200268,
  "gated_time": [
    0.0032000000000000084,
    0.0032959999999999934,
    0.003392000000000006,
    0.003491999999999995,
    0.003595999999999988,
    0.003700000000000009,
    0.00381200000000001,
    0.003924000000000011,
    0.004039999999999988,
    0.004155999999999993,
    0.004280000000000006,
    0.004407999999999995,
    0.004536000000000012,
    0.0046720000000000095,
    0.004808000000000007,
    0.004952000000000012,
    0.005095999999999989,
    0.005248000000000003,
    0.005399999999999988,
    0.005560000000000009,
    0.005724000000000007,
    0.005895999999999985,
    0.00606799999999999,
    0.0062480000000000036,
    0.006431999999999993,
    0.006619999999999987,
    0.006815999999999989,
    0.0070199999999999985,
    0.007224000000000008,
    0.007440000000000002,
    0.00766,
    0.007884000000000002,
    0.008116000000000012,
    0.008356000000000002,
    0.008604,
    0.008856000000000003,
    0.00911999999999999,
    0.009388000000000007,
    0.009664000000000006,
    0.009951999999999989,
    0.010244000000000003,
    0.010548000000000002,
    0.010856000000000005,
    0.011179999999999995,
    0.01150799999999999,
    0.011847999999999997,
    0.012195999999999985,
    0.012556000000000012,
    0.012927999999999995,
    0.013307999999999987,
    0.013703999999999994,
    0.01410800000000001,
    0.014524000000000009,
    0.014951999999999993,
    0.015391999999999989,
    0.015848,
    0.016315999999999997,
    0.016796000000000005,
    0.017292000000000002,
    0.017803999999999987,
    0.01832800000000001,
    0.018867999999999996,
    0.019428,
    0.01999999999999999
  ],
  "gated_time_abs": [
    0.203468,
    0.203564,
    0.20366,
    0.20376,
    0.203864,
    0.203968,
    0.20408,
    0.204192,
    0.204308,
    0.204424,
    0.204548,
    0.204676,
    0.204804,
    0.20494,
    0.205076,
    0.20522,
    0.205364,
    0.205516,
    0.205668,
    0.205828,
    0.205992,
    0.206164,
    0.206336,
    0.206516,
    0.2067,
    0.206888,
    0.207084,
    0.207288,
    0.207492,
    0.207708,
    0.207928,
    0.208152,
    0.208384,
    0.208624,
    0.208872,
    0.209124,
    0.209388,
    0.209656,
    0.209932,
    0.21022,
    0.210512,
    0.210816,
    0.211124,
    0.211448,
    0.211776,
    0.212116,
    0.212464,
    0.212824,
    0.213196,
    0.213576,
    0.213972,
    0.214376,
    0.214792,
    0.21522,
    0.21566,
    0.216116,
    0.216584,
    0.217064,
    0.21756,
    0.218072,
    0.218596,
    0.219136,
    0.219696,
    0.220268
  ],
  "gated_rx": [
    0.6464130101383064,
    0.3973756366456247,
    0.27688829681557814,
    0.2095518352183242,
    0.16866662323841666,
    0.14226549494432542,
    0.12276270470985656,
    0.10808083556873353,
    0.09643234911571955,
    0.08718548802657344,
    0.07915864467878203,
    0.07227829156732622,
    0.06644106563892743,
    0.06112469576030289,
    0.05653681313310212,
    0.05229727355634087,
    0.0485753428677447,
    0.04507526713146634,
    0.0420598206954353,
    0.03918171111622886,
    0.03647023087714691,
    0.033857294009828155,
    0.03158561081447393,
    0.029188363318239905,
    0.026835471017424957,
    0.024720135466509117,
    0.022774388834760982,
    0.02100729626927037,
    0.019438361818740934,
    0.017948451625825167,
    0.016588441907334453,
    0.015359164956169244,
    0.014171002033655383,
    0.01307236778063505,
    0.012043695578473363,
    0.011095653914982802,
    0.010197761176604994,
    0.009360473996069547,
    0.00859539788299487,
    0.00786651201172729,
    0.007195200441331221,
    0.0065702567563159535,
    0.005984045794328973,
    0.005449305104495047,
    0.004935133792199379,
    0.004466044045479074,
    0.004028632233956688,
    0.0036130088984414393,
    0.00321980099861128,
    0.002885573225329961,
    0.0025698576347506987,
    0.002298791541988595,
    0.0020659307234652657,
    0.001876979301478546,
    0.0017103078107290428,
    0.0015594026123796501,
    0.0014069440902889853,
    0.00126038521887929,
    0.00111372335920543,
    0.0009738352272381704,
    0.000830775925979634,
    0.0007038634098967766,
    0.0006093603385330579,
    0.00052350511541107
  ],
  "time_gate_start": 0.0032,
  "time_gate_end": 0.02,
  "time_gate_count": 64
}