{
  "wave_start_time": [
    0.0,
    0.0012399999999999911,
    0.00292400000000001,
    0.0029720000000000024
  ],
  "wave_amp": [
    1.529974030393592,
    40.93797830516283,
    46.742182270925966,
    -0.20933287608794227
  ],
  "wave_start_time_real_axis": [
    0.20026,
    0.20149999999999998,
    0.203184,
    0.203232
  ],
  "waveform_time_origin": 0.20026,
  "time_origin": 0.20026,
  "gated_time": [
    0.0032000000000000084,
    0.0032959999999999934,
    0.003392000000000006,
    0.003491999999999995,
    0.003596000000000016,
    0.003700000000000009,
    0.00381200000000001,
    0.003924000000000011,
    0.004040000000000016,
    0.004155999999999993,
    0.004280000000000006,
    0.004407999999999995,
    0.004536000000000012,
    0.0046720000000000095,
    0.004808000000000007,
    0.004952000000000012,
    0.005096000000000017,
    0.005248000000000003,
    0.005400000000000016,
    0.005560000000000009,
    0.005724000000000007,
    0.005896000000000012,
    0.006068000000000018,
    0.0062480000000000036,
    0.006431999999999993,
    0.006620000000000015,
    0.0068160000000000165,
    0.0070199999999999985,
    0.007224000000000008,
    0.007440000000000002,
    0.00766,
    0.007884000000000002,
    0.008116000000000012,
    0.008356000000000002,
    0.008604,
    0.008856000000000003,
    0.009120000000000017,
    0.009388000000000007,
    0.009664000000000006,
    0.009952000000000016,
    0.010244000000000003,
    0.010548000000000002,
    0.010856000000000005,
    0.011179999999999995,
    0.011508000000000018,
    0.011847999999999997,
    0.012196000000000012,
    0.012556000000000012,
    0.012927999999999995,
    0.013308000000000014,
    0.013703999999999994,
    0.01410800000000001,
    0.014524000000000009,
    0.014951999999999993,
    0.015392000000000017,
    0.015848,
    0.016315999999999997,
    0.016796000000000005,
    0.017292000000000002,
    0.017804000000000014,
    0.01832800000000001,
    0.018867999999999996,
    0.019428,
    0.020000000000000018
  ],
  "gated_time_abs": [
    0.20346,
    0.203556,
    0.203652,
    0.203752,
    0.203856,
    0.20396,
    0.204072,
    0.204184,
    0.2043,
    0.204416,
    0.20454,
    0.204668,
    0.204796,
    0.204932,
    0.205068,
    0.205212,
    0.205356,
    0.205508,
    0.20566,
    0.20582,
    0.205984,
    0.206156,
    0.206328,
    0.206508,
    0.206692,
    0.20688,
    0.207076,
    0.20728,
    0.207484,
    0.2077,
    0.20792,
    0.208144,
    0.208376,
    0.208616,
    0.208864,
    0.209116,
    0.20938,
    0.209648,
    0.209924,
    0.210212,
    0.210504,
    0.210808,
    0.211116,
    0.21144,
    0.211768,
    0.212108,
    0.212456,
    0.212816,
    0.213188,
    0.213568,
    0.213964,
    0.214368,
    0.214784,
    0.215212,
    0.215652,
    0.216108,
    0.216576,
    0.217056,
    0.217552,
    0.218064,
    0.218588,
    0.219128,
    0.219688,
    0.22026
  ],
  "gated_rx": [
    0.5913516892598646,
    0.37319459222601226,
    0.26305829683433124,
    0.20075820209175704,
    0.1623046786061643,
    0.13735039360297777,
    0.11866653923081853,
    0.10493685422285719,
    0.09395749068058677,
    0.08519469901145553,
    0.07750996398337487,
    0.07089556577193984,
    0.06525412847383393,
    0.060121760449503105,
    0.05566646706061972,
    0.05154849004983857,
    0.047891326782123246,
    0.04447047067923998,
    0.04142712932405129,
    0.03855390383277441,
    0.03592391305285534,
    0.03346075408669855,
    0.031242161878315376,
    0.02893492221168858,
    0.026612510959511594,
    0.024521594757451755,
    0.022589918017694555,
    0.020835260830835884,
    0.019279316398094527,
    0.01780204671593035,
    0.016451115646922417,
    0.015227831641346624,
    0.014054918903351386,
    0.012965990695300302,
    0.011945220671629089,
    0.011007136435646114,
    0.010116508481989084,
    0.009286146658665267,
    0.00852761064641688,
    0.00780551285791918,
    0.007138831599274407,
    0.00651881270330357,
    0.0059373554142970325,
    0.005406946927289962,
    0.004895975139093578,
    0.00443202390645356,
    0.0039958189107953505,
    0.0035848271909602702,
    0.003194899409076242,
    0.0028662004245203487,
    0.00255471609003586,
    0.0022859610466928076,
    0.0020550183708798885,
    0.0018660676768417217,
    0.0016997354097275615,
    0.0015461665531507956,
    0.0013964048219423978,
    0.0012504632460277497,
    0.001103789401102791,
    0.0009674524493598216,
    0.0008246682866680071,
    0.0006993700478473875,
    0.000606430778527658,
    0.0005217758336454555
  ],
  "time_gate_start": 0.0032,
  "time_gate_end": 0.02,
  "time_gate_count": 64
}