{
  "wave_start_time": [
    0.0,
    0.0012199999999999989,
    0.00293199999999999,
    0.0029639999999999944
  ],
  "wave_amp": [
    0.4453500606206724,
    40.029239300873506,
    51.945445931735435,
    -0.2630755052207396
  ],
  "wave_start_time_real_axis": [
    0.200268,
    0.201488,
    0.2032,
    0.203232
  ],
  "waveform_time_origin": 0.200268,
  "time_origin": 0.200268,
  "gated_time": [
    0.0032000000000000084,
    0.0032959999999999934,
    0.003392000000000006,
    0.003491999999999995,
    0.003595999999999988,
    0.003700000000000009,
    0.00381200000000001,
    0.003924000000000011,
    0.004039999999999988,
    0.004155999999999993,
    0.004280000000000006,
    0.004407999999999995,
    0.004536000000000012,
    0.0046720000000000095,
    0.004808000000000007,
    0.004952000000000012,
    0.005095999999999989,
    0.005248000000000003,
    0.005399999999999988,
    0.005560000000000009,
    0.005724000000000007,
    0.005895999999999985,
    0.00606799999999999,
    0.0062480000000000036,
    0.006431999999999993,
    0.006619999999999987,
    0.006815999999999989,
    0.0070199999999999985,
    0.007224000000000008,
    0.007440000000000002,
    0.00766,
    0.007884000000000002,
    0.008116000000000012,
    0.008356000000000002,
    0.008604,
    0.008856000000000003,
    0.00911999999999999,
    0.009388000000000007,
    0.009664000000000006,
    0.009951999999999989,
    0.010244000000000003,
    0.010548000000000002,
    0.010856000000000005,
    0.011179999999999995,
    0.01150799999999999,
    0.011847999999999997,
    0.012195999999999985,
    0.012556000000000012,
    0.012927999999999995,
    0.013307999999999987,
    0.013703999999999994,
    0.01410800000000001,
    0.014524000000000009,
    0.014951999999999993,
    0.015391999999999989,
    0.015848,
    0.016315999999999997,
    0.016796000000000005,
    0.017292000000000002,
    0.017803999999999987,
    0.01832800000000001,
    0.018867999999999996,
    0.019428,
    0.01999999999999999
  ],
  "gated_time_abs": [
    0.203468,
    0.203564,
    0.20366,
    0.20376,
    0.203864,
    0.203968,
    0.20408,
    0.204192,
    0.204308,
    0.204424,
    0.204548,
    0.204676,
    0.204804,
    0.20494,
    0.205076,
    0.20522,
    0.205364,
    0.205516,
    0.205668,
    0.205828,
    0.205992,
    0.206164,
    0.206336,
    0.206516,
    0.2067,
    0.206888,
    0.207084,
    0.207288,
    0.207492,
    0.207708,
    0.207928,
    0.208152,
    0.208384,
    0.208624,
    0.208872,
    0.209124,
    0.209388,
    0.209656,
    0.209932,
    0.21022,
    0.210512,
    0.210816,
    0.211124,
    0.211448,
    0.211776,
    0.212116,
    0.212464,
    0.212824,
    0.213196,
    0.213576,
    0.213972,
    0.214376,
    0.214792,
    0.21522,
    0.21566,
    0.216116,
    0.216584,
    0.217064,
    0.21756,
    0.218072,
    0.218596,
    0.219136,
    0.219696,
    0.220268
  ],
  "gated_rx": [
    0.6848550499313936,
    0.4134390684421669,
    0.2815489830154524,
    0.2096145499036705,
    0.16634785717992107,
    0.13889978072390474,
    0.11879157871739975,
    0.10416446388309225,
    0.09266605858749022,
    0.08364642329233968,
    0.07583253328817978,
    0.06918268418058675,
    0.0635540392579621,
    0.058467898160274576,
    0.05407806388568963,
    0.05001713929476781,
    0.04643963640639987,
    0.04307161339014967,
    0.040076560943092004,
    0.037256294565640766,
    0.034656974280275386,
    0.0322005686855394,
    0.03014054230771944,
    0.02791741124499492,
    0.02568175657907633,
    0.023665159251536488,
    0.02179603267340359,
    0.020095630733856146,
    0.01859609665652775,
    0.017172600843481985,
    0.015866076131197324,
    0.014705586065247397,
    0.013554192765645925,
    0.01250622642643395,
    0.011520669395312037,
    0.01061387313170681,
    0.009760213870164038,
    0.008948604183066852,
    0.00821779340599172,
    0.007521121519718694,
    0.006877688888409703,
    0.006287111946014696,
    0.005719820202269703,
    0.005221176766306863,
    0.004719508310711267,
    0.004275809249477119,
    0.003856081817107786,
    0.003456643618940157,
    0.003074497242680215,
    0.002760547883711364,
    0.0024567778711656646,
    0.002194053071262158,
    0.00196841587246964,
    0.0017906857714654945,
    0.001629912686583251,
    0.0014858594883523522,
    0.001343557596777917,
    0.0012032126163389876,
    0.001061951517770089,
    0.0009324135526628564,
    0.0007972108194214479,
    0.0006742703161526243,
    0.0005827312510107265,
    0.000499579899987887
  ],
  "time_gate_start": 0.0032,
  "time_gate_end": 0.02,
  "time_gate_count": 64
}