{
  "wave_start_time": [
    0.0,
    0.0011840000000000184,
    0.002935999999999994,
    0.0029840000000000144
  ],
  "wave_amp": [
    1.5202026432784994,
    41.10409188660468,
    40.014582220160115,
    -0.18001871474278106
  ],
  "wave_start_time_real_axis": [
    0.20025199999999999,
    0.201436,
    0.20318799999999998,
    0.203236
  ],
  "waveform_time_origin": 0.20025199999999999,
  "time_origin": 0.20025199999999999,
  "gated_time": [
    0.0032000000000000084,
    0.003296000000000021,
    0.003392000000000006,
    0.003492000000000023,
    0.003596000000000016,
    0.003700000000000009,
    0.00381200000000001,
    0.003924000000000011,
    0.004040000000000016,
    0.004156000000000021,
    0.004280000000000006,
    0.004408000000000023,
    0.004536000000000012,
    0.0046720000000000095,
    0.004808000000000007,
    0.004952000000000012,
    0.005096000000000017,
    0.005248000000000003,
    0.005400000000000016,
    0.005560000000000009,
    0.005724000000000007,
    0.005896000000000012,
    0.006068000000000018,
    0.0062480000000000036,
    0.006432000000000021,
    0.006620000000000015,
    0.0068160000000000165,
    0.007020000000000026,
    0.007224000000000008,
    0.007440000000000002,
    0.007660000000000028,
    0.007884000000000002,
    0.008116000000000012,
    0.008356000000000002,
    0.008604000000000028,
    0.008856000000000003,
    0.009120000000000017,
    0.009388000000000007,
    0.009664000000000006,
    0.009952000000000016,
    0.010244000000000003,
    0.010548000000000002,
    0.010856000000000005,
    0.011180000000000023,
    0.011508000000000018,
    0.011848000000000025,
    0.012196000000000012,
    0.012556000000000012,
    0.012928000000000023,
    0.013308000000000014,
    0.013704000000000022,
    0.01410800000000001,
    0.014524000000000009,
    0.01495200000000002,
    0.015392000000000017,
    0.015848,
    0.016316000000000025,
    0.016796000000000005,
    0.017292000000000002,
    0.017804000000000014,
    0.01832800000000001,
    0.018868000000000024,
    0.019428,
    0.020000000000000018
  ],
  "gated_time_abs": [
    0.203452,
    0.203548,
    0.203644,
    0.203744,
    0.203848,
    0.203952,
    0.204064,
    0.204176,
    0.204292,
    0.204408,
    0.204532,
    0.20466,
    0.204788,
    0.204924,
    0.20506,
    0.205204,
    0.205348,
    0.2055,
    0.205652,
    0.205812,
    0.205976,
    0.206148,
    0.20632,
    0.2065,
    0.206684,
    0.206872,
    0.207068,
    0.207272,
    0.207476,
    0.207692,
    0.207912,
    0.208136,
    0.208368,
    0.208608,
    0.208856,
    0.209108,
    0.209372,
    0.20964,
    0.209916,
    0.210204,
    0.210496,
    0.2108,
    0.211108,
    0.211432,
    0.21176,
    0.2121,
    0.212448,
    0.212808,
    0.21318,
    0.21356,
    0.213956,
    0.21436,
    0.214776,
    0.215204,
    0.215644,
    0.2161,
    0.216568,
    0.217048,
    0.217544,
    0.218056,
    0.21858,
    0.21912,
    0.21968,
    0.220252
  ],
  "gated_rx": [
    0.7900938845465614,
    0.4840321824251069,
    0.3308648779384143,
    0.2467674158218217,
    0.1959743985551614,
    0.1633927198971798,
    0.13916169059717964,
    0.12153962956301079,
    0.10768614232117278,
    0.09679439531458325,
    0.0873895515028927,
    0.07937849844975697,
    0.07254759783990422,
    0.06641149812521105,
    0.061160575677503146,
    0.05632446187154315,
    0.05209317273569668,
    0.048143850308633794,
    0.044647922001613896,
    0.041363988282446446,
    0.03832388791927237,
    0.035461358622669525,
    0.03302455091419329,
    0.030551774055466004,
    0.028089921619015617,
    0.025875417980296096,
    0.023830798033674546,
    0.021975634531989276,
    0.0203339121054379,
    0.018775108493041502,
    0.017347886543694863,
    0.01606703267437973,
    0.014821236279656216,
    0.013670978723901559,
    0.012594273110086589,
    0.011603784054689422,
    0.010666707213385555,
    0.009784852178966932,
    0.008986167343132125,
    0.008224791696825802,
    0.007521389716562285,
    0.006871406277856904,
    0.006254641304846474,
    0.005699612510082712,
    0.005158183460455416,
    0.004671370809028805,
    0.0042118996356056175,
    0.0037778216738180524,
    0.0033642748599155593,
    0.0030175586605005744,
    0.0026863011642264015,
    0.0024009445896945127,
    0.002155927669426409,
    0.0019601073590318776,
    0.0017851722862136116,
    0.0016268981007930615,
    0.0014696884966228926,
    0.0013165865841337097,
    0.0011621731223445037,
    0.0010187569922527698,
    0.0008695994676476107,
    0.0007348721989618357,
    0.0006375840779724536,
    0.0005472140975352826
  ],
  "time_gate_start": 0.0032,
  "time_gate_end": 0.02,
  "time_gate_count": 64
}