{
  "wave_start_time": [
    0.0,
    0.0009640000000000204,
    0.003159999999999996,
    0.003172000000000008
  ],
  "wave_amp": [
    2.9321680814162487,
    42.765227701242765,
    43.527395898683615,
    -1.1815858940366772
  ],
  "wave_start_time_real_axis": [
    0.20002799999999998,
    0.200992,
    0.20318799999999998,
    0.2032
  ],
  "waveform_time_origin": 0.20002799999999998,
  "time_origin": 0.20002799999999998,
  "gated_time": [
    0.0032000000000000084,
    0.003296000000000021,
    0.003392000000000006,
    0.003492000000000023,
    0.003596000000000016,
    0.003700000000000009,
    0.00381200000000001,
    0.003924000000000011,
    0.004040000000000016,
    0.004156000000000021,
    0.004280000000000006,
    0.004408000000000023,
    0.004536000000000012,
    0.0046720000000000095,
    0.004808000000000007,
    0.004952000000000012,
    0.005096000000000017,
    0.005248000000000003,
    0.005400000000000016,
    0.005560000000000009,
    0.005724000000000007,
    0.005896000000000012,
    0.006068000000000018,
    0.0062480000000000036,
    0.006432000000000021,
    0.006620000000000015,
    0.0068160000000000165,
    0.007020000000000026,
    0.007224000000000008,
    0.00744000000000003,
    0.007660000000000028,
    0.00788400000000003,
    0.008116000000000012,
    0.00835600000000003,
    0.008604000000000028,
    0.008856000000000003,
    0.009120000000000017,
    0.009388000000000007,
    0.009664000000000006,
    0.009952000000000016,
    0.010244000000000003,
    0.01054800000000003,
    0.010856000000000005,
    0.011180000000000023,
    0.011508000000000018,
    0.011848000000000025,
    0.012196000000000012,
    0.012556000000000012,
    0.012928000000000023,
    0.013308000000000014,
    0.013704000000000022,
    0.01410800000000001,
    0.014524000000000009,
    0.01495200000000002,
    0.015392000000000017,
    0.01584800000000003,
    0.016316000000000025,
    0.016796000000000005,
    0.01729200000000003,
    0.017804000000000014,
    0.01832800000000001,
    0.018868000000000024,
    0.01942800000000003,
    0.020000000000000018
  ],
  "gated_time_abs": [
    0.203228,
    0.203324,
    0.20342,
    0.20352,
    0.203624,
    0.203728,
    0.20384,
    0.203952,
    0.204068,
    0.204184,
    0.204308,
    0.204436,
    0.204564,
    0.2047,
    0.204836,
    0.20498,
    0.205124,
    0.205276,
    0.205428,
    0.205588,
    0.205752,
    0.205924,
    0.206096,
    0.206276,
    0.20646,
    0.206648,
    0.206844,
    0.207048,
    0.207252,
    0.207468,
    0.207688,
    0.207912,
    0.208144,
    0.208384,
    0.208632,
    0.208884,
    0.209148,
    0.209416,
    0.209692,
    0.20998,
    0.210272,
    0.210576,
    0.210884,
    0.211208,
    0.211536,
    0.211876,
    0.212224,
    0.212584,
    0.212956,
    0.213336,
    0.213732,
    0.214136,
    0.214552,
    0.21498,
    0.21542,
    0.215876,
    0.216344,
    0.216824,
    0.21732,
    0.217832,
    0.218356,
    0.218896,
    0.219456,
    0.220028
  ],
  "gated_rx": [
    5.433357888301634,
    0.3260025266859703,
    0.7004006528880156,
    0.454966811781539,
    0.3225489930121968,
    0.25096315308887523,
    0.2049007119673054,
    0.17468609222763246,
    0.1524611723707815,
    0.13568619942884286,
    0.12157815665388988,
    0.10983867256760907,
    0.10010311390665037,
    0.09138675641884242,
    0.08390651518852459,
    0.07707025904218062,
    0.0710949703599174,
    0.06558116704691189,
    0.060686782184611196,
    0.05608433427943759,
    0.05191454026078793,
    0.048020393292257935,
    0.044543792311469585,
    0.04129973143873371,
    0.03836385302623303,
    0.035225746935204395,
    0.03231982897251107,
    0.02968052343281525,
    0.027363492631448702,
    0.025204817156305827,
    0.023245230064993645,
    0.021452790741908874,
    0.019805176795125702,
    0.018233108148844053,
    0.016782151999475397,
    0.015444714451982946,
    0.014181038738569806,
    0.013018440048160567,
    0.011932673503583808,
    0.010917960133176531,
    0.009984763794334658,
    0.009102299009012953,
    0.0082995465890719,
    0.007531313066678026,
    0.006834207125635045,
    0.006178961188409098,
    0.005572704054383632,
    0.005005739978461689,
    0.004477533548394857,
    0.003998376779489421,
    0.0035673451566982416,
    0.0031845958198876267,
    0.0028572956884457532,
    0.0025767725275016155,
    0.002333514252168187,
    0.0021242610595112723,
    0.0019255213269373606,
    0.001720848930383111,
    0.0015274983207922343,
    0.001338820011575368,
    0.0011528183534214788,
    0.0009777000829781642,
    0.0008417836298080742,
    0.0007249480447006108
  ],
  "time_gate_start": 0.0032,
  "time_gate_end": 0.02,
  "time_gate_count": 64
}