{
  "wave_start_time": [
    0.0,
    0.0011200000000000099,
    0.002956000000000014,
    0.0030000000000000027
  ],
  "wave_amp": [
    1.5055455626058614,
    40.54223712586125,
    30.907649408911034,
    -0.004133746671821697
  ],
  "wave_start_time_real_axis": [
    0.20024399999999998,
    0.201364,
    0.2032,
    0.20324399999999998
  ],
  "waveform_time_origin": 0.20024399999999998,
  "time_origin": 0.20024399999999998,
  "gated_time": [
    0.003200000000000036,
    0.003296000000000021,
    0.003392000000000034,
    0.003492000000000023,
    0.003596000000000016,
    0.003700000000000009,
    0.00381200000000001,
    0.003924000000000011,
    0.004040000000000016,
    0.004156000000000021,
    0.004280000000000034,
    0.004408000000000023,
    0.004536000000000012,
    0.0046720000000000095,
    0.0048080000000000345,
    0.004952000000000012,
    0.005096000000000017,
    0.00524800000000003,
    0.005400000000000016,
    0.005560000000000009,
    0.005724000000000035,
    0.005896000000000012,
    0.006068000000000018,
    0.006248000000000031,
    0.006432000000000021,
    0.006620000000000015,
    0.0068160000000000165,
    0.007020000000000026,
    0.007224000000000036,
    0.00744000000000003,
    0.007660000000000028,
    0.00788400000000003,
    0.008116000000000012,
    0.00835600000000003,
    0.008604000000000028,
    0.00885600000000003,
    0.009120000000000017,
    0.009388000000000035,
    0.009664000000000034,
    0.009952000000000016,
    0.01024400000000003,
    0.01054800000000003,
    0.010856000000000032,
    0.011180000000000023,
    0.011508000000000018,
    0.011848000000000025,
    0.012196000000000012,
    0.012556000000000012,
    0.012928000000000023,
    0.013308000000000014,
    0.013704000000000022,
    0.01410800000000001,
    0.014524000000000009,
    0.01495200000000002,
    0.015392000000000017,
    0.01584800000000003,
    0.016316000000000025,
    0.016796000000000033,
    0.01729200000000003,
    0.017804000000000014,
    0.01832800000000001,
    0.018868000000000024,
    0.01942800000000003,
    0.020000000000000018
  ],
  "gated_time_abs": [
    0.203444,
    0.20354,
    0.203636,
    0.203736,
    0.20384,
    0.203944,
    0.204056,
    0.204168,
    0.204284,
    0.2044,
    0.204524,
    0.204652,
    0.20478,
    0.204916,
    0.205052,
    0.205196,
    0.20534,
    0.205492,
    0.205644,
    0.205804,
    0.205968,
    0.20614,
    0.206312,
    0.206492,
    0.206676,
    0.206864,
    0.20706,
    0.207264,
    0.207468,
    0.207684,
    0.207904,
    0.208128,
    0.20836,
    0.2086,
    0.208848,
    0.2091,
    0.209364,
    0.209632,
    0.209908,
    0.210196,
    0.210488,
    0.210792,
    0.2111,
    0.211424,
    0.211752,
    0.212092,
    0.21244,
    0.2128,
    0.213172,
    0.213552,
    0.213948,
    0.214352,
    0.214768,
    0.215196,
    0.215636,
    0.216092,
    0.21656,
    0.21704,
    0.217536,
    0.218048,
    0.218572,
    0.219112,
    0.219672,
    0.220244
  ],
  "gated_rx": [
    0.78338032978344,
    0.44116759067486505,
    0.2834018720869324,
    0.20100182713826603,
    0.15426686943513898,
    0.1258521273225765,
    0.10568924443140895,
    0.0915370474180453,
    0.08061978546272897,
    0.07224092893301137,
    0.0650892671578563,
    0.0590939279166647,
    0.05406124622700771,
    0.04954851221468997,
    0.04568063232851896,
    0.042131536338212074,
    0.03900710235276802,
    0.03610858790648318,
    0.03357391605605056,
    0.031334549698773195,
    0.02896695345057891,
    0.026875869330870637,
    0.025118559163258645,
    0.023222288630078,
    0.02132974848636602,
    0.019622623531517124,
    0.0180595226129672,
    0.016658687926418492,
    0.015403088567575626,
    0.01420765129293942,
    0.013128330844336228,
    0.012138634377089386,
    0.011205128523691446,
    0.01032561588288864,
    0.009510055250606395,
    0.008756223186008353,
    0.008036451689534879,
    0.007379528029108506,
    0.0067757065831713925,
    0.0061989133956419935,
    0.005668030359853408,
    0.005170483640411608,
    0.004711420480085108,
    0.004281650842426081,
    0.003885622015910623,
    0.0035147167165301553,
    0.003173756274948007,
    0.0028458359677409647,
    0.0025331084922253534,
    0.0022624985720540182,
    0.0020061255819092605,
    0.0017906631243756865,
    0.001605689428850933,
    0.0014574872883857432,
    0.0013317104340146173,
    0.0012208131667933993,
    0.0011015081626188736,
    0.0009909530736352803,
    0.0008773190099562676,
    0.0007694382342125915,
    0.0006517812389430939,
    0.0005455617524598847,
    0.00047453741198293884,
    0.0004052636345939743
  ],
  "time_gate_start": 0.0032,
  "time_gate_end": 0.02,
  "time_gate_count": 64
}