{
  "wave_start_time": [
    0.0,
    0.0014079999999999926,
    0.002932000000000018,
    0.0029720000000000024
  ],
  "wave_amp": [
    1.085375916657341,
    40.043896381586926,
    51.92590315741369,
    -0.34613229569870446
  ],
  "wave_start_time_real_axis": [
    0.20025199999999999,
    0.20165999999999998,
    0.203184,
    0.203224
  ],
  "waveform_time_origin": 0.20025199999999999,
  "time_origin": 0.20025199999999999,
  "gated_time": [
    0.0032000000000000084,
    0.003296000000000021,
    0.003392000000000006,
    0.003492000000000023,
    0.003596000000000016,
    0.003700000000000009,
    0.00381200000000001,
    0.003924000000000011,
    0.004040000000000016,
    0.004156000000000021,
    0.004280000000000006,
    0.004408000000000023,
    0.004536000000000012,
    0.0046720000000000095,
    0.004808000000000007,
    0.004952000000000012,
    0.005096000000000017,
    0.005248000000000003,
    0.005400000000000016,
    0.005560000000000009,
    0.005724000000000007,
    0.005896000000000012,
    0.006068000000000018,
    0.0062480000000000036,
    0.006432000000000021,
    0.006620000000000015,
    0.0068160000000000165,
    0.007020000000000026,
    0.007224000000000008,
    0.007440000000000002,
    0.007660000000000028,
    0.007884000000000002,
    0.008116000000000012,
    0.008356000000000002,
    0.008604000000000028,
    0.008856000000000003,
    0.009120000000000017,
    0.009388000000000007,
    0.009664000000000006,
    0.009952000000000016,
    0.010244000000000003,
    0.010548000000000002,
    0.010856000000000005,
    0.011180000000000023,
    0.011508000000000018,
    0.011848000000000025,
    0.012196000000000012,
    0.012556000000000012,
    0.012928000000000023,
    0.013308000000000014,
    0.013704000000000022,
    0.01410800000000001,
    0.014524000000000009,
    0.01495200000000002,
    0.015392000000000017,
    0.015848,
    0.016316000000000025,
    0.016796000000000005,
    0.017292000000000002,
    0.017804000000000014,
    0.01832800000000001,
    0.018868000000000024,
    0.019428,
    0.020000000000000018
  ],
  "gated_time_abs": [
    0.203452,
    0.203548,
    0.203644,
    0.203744,
    0.203848,
    0.203952,
    0.204064,
    0.204176,
    0.204292,
    0.204408,
    0.204532,
    0.20466,
    0.204788,
    0.204924,
    0.20506,
    0.205204,
    0.205348,
    0.2055,
    0.205652,
    0.205812,
    0.205976,
    0.206148,
    0.20632,
    0.2065,
    0.206684,
    0.206872,
    0.207068,
    0.207272,
    0.207476,
    0.207692,
    0.207912,
    0.208136,
    0.208368,
    0.208608,
    0.208856,
    0.209108,
    0.209372,
    0.20964,
    0.209916,
    0.210204,
    0.210496,
    0.2108,
    0.211108,
    0.211432,
    0.21176,
    0.2121,
    0.212448,
    0.212808,
    0.21318,
    0.21356,
    0.213956,
    0.21436,
    0.214776,
    0.215204,
    0.215644,
    0.2161,
    0.216568,
    0.217048,
    0.217544,
    0.218056,
    0.21858,
    0.21912,
    0.21968,
    0.220252
  ],
  "gated_rx": [
    0.8232807207041861,
    0.5051097027970664,
    0.34562175826275116,
    0.2579260900527672,
    0.20465445113193106,
    0.1707305817845911,
    0.14566118658547822,
    0.12752547341069984,
    0.11325165486767987,
    0.1019959543967733,
    0.09227375099609639,
    0.08397586412799639,
    0.07696256414037833,
    0.07062408767584069,
    0.06516230490883444,
    0.060133582605880205,
    0.05570960826776081,
    0.05157907505590152,
    0.04790070193323298,
    0.044453248175579115,
    0.04126146623655635,
    0.03825240463363067,
    0.03570859803979257,
    0.03309307362372054,
    0.030432557597018392,
    0.028024801842625596,
    0.02581664460695804,
    0.023820209881976792,
    0.022037061768974832,
    0.020339615861799,
    0.018799403643810705,
    0.017388913890996942,
    0.016054816215141567,
    0.014803274128735338,
    0.01363775506310259,
    0.012561300178893014,
    0.01153581398604951,
    0.010596056258591332,
    0.009729414972232087,
    0.0089033266302698,
    0.008142999318507387,
    0.0074302001325076816,
    0.0067708261791423205,
    0.006153505420477855,
    0.005582841155077509,
    0.005049366648427145,
    0.004556596244496007,
    0.004087063488534593,
    0.0036449814560700925,
    0.003259263764376962,
    0.0028991466489682897,
    0.002593112163920064,
    0.002329922589865364,
    0.002115444425642083,
    0.0019295219887524113,
    0.001762920057861513,
    0.0015891988610149085,
    0.0014260490441456546,
    0.0012610993881621909,
    0.0011030191974905094,
    0.0009373530363749922,
    0.000790929694990788,
    0.0006867736537062226,
    0.0005892052619121887
  ],
  "time_gate_start": 0.0032,
  "time_gate_end": 0.02,
  "time_gate_count": 64
}