{
  "wave_start_time": [
    0.0,
    0.0011480000000000101,
    0.00292400000000001,
    0.0029679999999999984
  ],
  "wave_amp": [
    1.6521163693322936,
    41.40211919449556,
    34.210378259891506,
    -0.4829317153094893
  ],
  "wave_start_time_real_axis": [
    0.20025199999999999,
    0.2014,
    0.203176,
    0.20321999999999998
  ],
  "waveform_time_origin": 0.20025199999999999,
  "time_origin": 0.20025199999999999,
  "gated_time": [
    0.0032000000000000084,
    0.003296000000000021,
    0.003392000000000006,
    0.003492000000000023,
    0.003596000000000016,
    0.003700000000000009,
    0.00381200000000001,
    0.003924000000000011,
    0.004040000000000016,
    0.004156000000000021,
    0.004280000000000006,
    0.004408000000000023,
    0.004536000000000012,
    0.0046720000000000095,
    0.004808000000000007,
    0.004952000000000012,
    0.005096000000000017,
    0.005248000000000003,
    0.005400000000000016,
    0.005560000000000009,
    0.005724000000000007,
    0.005896000000000012,
    0.006068000000000018,
    0.0062480000000000036,
    0.006432000000000021,
    0.006620000000000015,
    0.0068160000000000165,
    0.007020000000000026,
    0.007224000000000008,
    0.007440000000000002,
    0.007660000000000028,
    0.007884000000000002,
    0.008116000000000012,
    0.008356000000000002,
    0.008604000000000028,
    0.008856000000000003,
    0.009120000000000017,
    0.009388000000000007,
    0.009664000000000006,
    0.009952000000000016,
    0.010244000000000003,
    0.010548000000000002,
    0.010856000000000005,
    0.011180000000000023,
    0.011508000000000018,
    0.011848000000000025,
    0.012196000000000012,
    0.012556000000000012,
    0.012928000000000023,
    0.013308000000000014,
    0.013704000000000022,
    0.01410800000000001,
    0.014524000000000009,
    0.01495200000000002,
    0.015392000000000017,
    0.015848,
    0.016316000000000025,
    0.016796000000000005,
    0.017292000000000002,
    0.017804000000000014,
    0.01832800000000001,
    0.018868000000000024,
    0.019428,
    0.020000000000000018
  ],
  "gated_time_abs": [
    0.203452,
    0.203548,
    0.203644,
    0.203744,
    0.203848,
    0.203952,
    0.204064,
    0.204176,
    0.204292,
    0.204408,
    0.204532,
    0.20466,
    0.204788,
    0.204924,
    0.20506,
    0.205204,
    0.205348,
    0.2055,
    0.205652,
    0.205812,
    0.205976,
    0.206148,
    0.20632,
    0.2065,
    0.206684,
    0.206872,
    0.207068,
    0.207272,
    0.207476,
    0.207692,
    0.207912,
    0.208136,
    0.208368,
    0.208608,
    0.208856,
    0.209108,
    0.209372,
    0.20964,
    0.209916,
    0.210204,
    0.210496,
    0.2108,
    0.211108,
    0.211432,
    0.21176,
    0.2121,
    0.212448,
    0.212808,
    0.21318,
    0.21356,
    0.213956,
    0.21436,
    0.214776,
    0.215204,
    0.215644,
    0.2161,
    0.216568,
    0.217048,
    0.217544,
    0.218056,
    0.21858,
    0.21912,
    0.21968,
    0.220252
  ],
  "gated_rx": [
    0.612833848097175,
    0.4008344069451041,
    0.29333905702172236,
    0.2315106521038265,
    0.19198587396894315,
    0.1653178205293135,
    0.1446194302975198,
    0.12891116640063066,
    0.1161386125045785,
    0.10573284146905992,
    0.096513157683792,
    0.088490273955783,
    0.08159177350581161,
    0.07525678555148806,
    0.0697990561650129,
    0.06468041017457678,
    0.06026614362197609,
    0.05600484050446162,
    0.052124748759850334,
    0.048412659493693465,
    0.044995927498211706,
    0.04176750304188764,
    0.03895322108141335,
    0.03605948953631936,
    0.03316182142936112,
    0.03055441559227645,
    0.028153410660008607,
    0.025962008772076394,
    0.02402467614389091,
    0.022188515550544692,
    0.020504805672797322,
    0.018985395968815773,
    0.01752111994098374,
    0.0161662566131341,
    0.014895950070853783,
    0.013727440268581121,
    0.012622066521158519,
    0.011586122460431246,
    0.010639267012415106,
    0.009739098944760074,
    0.008908670548683448,
    0.008136880553423141,
    0.007410309566892888,
    0.00674710886102944,
    0.00610925033890111,
    0.0055296834431821,
    0.004983878563365136,
    0.004472081283771502,
    0.003991737607435146,
    0.003581038354614703,
    0.003197253140444328,
    0.002864084538722335,
    0.0025773059720100777,
    0.0023410976616190142,
    0.0021294518211101357,
    0.0019348241054827676,
    0.001745413753121802,
    0.0015608819478417097,
    0.0013776522142367625,
    0.0012035841402378055,
    0.0010298291867030839,
    0.0008771257007659086,
    0.0007594160089035079,
    0.0006549462983637458
  ],
  "time_gate_start": 0.0032,
  "time_gate_end": 0.02,
  "time_gate_count": 64
}