{
  "wave_start_time": [
    0.0,
    0.0013679999999999803,
    0.003111999999999976,
    0.003123999999999988
  ],
  "wave_amp": [
    1.862201192307065,
    39.28661387809886,
    44.44590629058825,
    -3.629318366384233
  ],
  "wave_start_time_real_axis": [
    0.200076,
    0.20144399999999998,
    0.20318799999999998,
    0.2032
  ],
  "waveform_time_origin": 0.200076,
  "time_origin": 0.200076,
  "gated_time": [
    0.0032000000000000084,
    0.0032959999999999934,
    0.003392000000000006,
    0.003491999999999995,
    0.003595999999999988,
    0.003700000000000009,
    0.00381200000000001,
    0.003923999999999983,
    0.004039999999999988,
    0.004155999999999993,
    0.004280000000000006,
    0.004407999999999995,
    0.0045359999999999845,
    0.0046720000000000095,
    0.004808000000000007,
    0.004951999999999984,
    0.005095999999999989,
    0.005248000000000003,
    0.005399999999999988,
    0.005560000000000009,
    0.005724000000000007,
    0.005895999999999985,
    0.00606799999999999,
    0.0062480000000000036,
    0.006431999999999993,
    0.006619999999999987,
    0.006815999999999989,
    0.0070199999999999985,
    0.007224000000000008,
    0.007440000000000002,
    0.00766,
    0.007884000000000002,
    0.008115999999999984,
    0.008356000000000002,
    0.008604,
    0.008856000000000003,
    0.00911999999999999,
    0.009388000000000007,
    0.009664000000000006,
    0.009951999999999989,
    0.010244000000000003,
    0.010548000000000002,
    0.010856000000000005,
    0.011179999999999995,
    0.01150799999999999,
    0.011847999999999997,
    0.012195999999999985,
    0.012555999999999984,
    0.012927999999999995,
    0.013307999999999987,
    0.013703999999999994,
    0.01410800000000001,
    0.014524000000000009,
    0.014951999999999993,
    0.015391999999999989,
    0.015848,
    0.016315999999999997,
    0.016796000000000005,
    0.017292000000000002,
    0.017803999999999987,
    0.018327999999999983,
    0.018867999999999996,
    0.019428,
    0.01999999999999999
  ],
  "gated_time_abs": [
    0.203276,
    0.203372,
    0.203468,
    0.203568,
    0.203672,
    0.203776,
    0.203888,
    0.204,
    0.204116,
    0.204232,
    0.204356,
    0.204484,
    0.204612,
    0.204748,
    0.204884,
    0.205028,
    0.205172,
    0.205324,
    0.205476,
    0.205636,
    0.2058,
    0.205972,
    0.206144,
    0.206324,
    0.206508,
    0.206696,
    0.206892,
    0.207096,
    0.2073,
    0.207516,
    0.207736,
    0.20796,
    0.208192,
    0.208432,
    0.20868,
    0.208932,
    0.209196,
    0.209464,
    0.20974,
    0.210028,
    0.21032,
    0.210624,
    0.210932,
    0.211256,
    0.211584,
    0.211924,
    0.212272,
    0.212632,
    0.213004,
    0.213384,
    0.21378,
    0.214184,
    0.2146,
    0.215028,
    0.215468,
    0.215924,
    0.216392,
    0.216872,
    0.217368,
    0.21788,
    0.218404,
    0.218944,
    0.219504,
    0.220076
  ],
  "gated_rx": [
    4.7950460265613035,
    0.7414527518296766,
    0.5527977464374413,
    0.35283388451692116,
    0.2512956989294229,
    0.19553071446394407,
    0.15925905071465649,
    0.13518869533926237,
    0.11735266029454355,
    0.10394060798949678,
    0.09276206232907334,
    0.08352842337132316,
    0.07593339485562052,
    0.06918656620523791,
    0.06341550842122196,
    0.05818744123051853,
    0.05367162814932103,
    0.04953005777323655,
    0.045836042339999515,
    0.042384179219485445,
    0.039239047008388074,
    0.03629270634232035,
    0.03365658672712649,
    0.03129824111144275,
    0.028922947270231508,
    0.02655742813175011,
    0.024396944794092126,
    0.022410905109327334,
    0.020679457664926987,
    0.019060255417271865,
    0.01758089789553124,
    0.016231327926947717,
    0.014982691684532761,
    0.013800287338609041,
    0.012706992792170626,
    0.011695514612631954,
    0.01073880865280406,
    0.00985615131012731,
    0.009038403997933613,
    0.00827082541257007,
    0.007562269769181305,
    0.0068946671478187,
    0.006287703227633835,
    0.005708754419723077,
    0.005178771447757362,
    0.00469119439528175,
    0.004225968135820599,
    0.0037944973824247,
    0.003393537207321514,
    0.0030281023735041755,
    0.0027002898218361003,
    0.0024081444008728,
    0.002160254827581538,
    0.0019505004108176756,
    0.0017636287157639988,
    0.0016107988606281244,
    0.0014616925838719416,
    0.0013097831528722738,
    0.00115780286435156,
    0.0010163532244843161,
    0.0008751189468132497,
    0.000738236711689324,
    0.0006380185027894704,
    0.0005473086099148723
  ],
  "time_gate_start": 0.0032,
  "time_gate_end": 0.02,
  "time_gate_count": 64
}