{
  "wave_start_time": [
    0.0,
    0.0012040000000000106,
    0.002939999999999998,
    0.0029840000000000144
  ],
  "wave_amp": [
    1.2026325620382452,
    39.96572528444901,
    44.65599111428678,
    -0.26796119877826674
  ],
  "wave_start_time_real_axis": [
    0.20025199999999999,
    0.201456,
    0.20319199999999998,
    0.203236
  ],
  "waveform_time_origin": 0.20025199999999999,
  "time_origin": 0.20025199999999999,
  "gated_time": [
    0.0032000000000000084,
    0.003296000000000021,
    0.003392000000000006,
    0.003492000000000023,
    0.003596000000000016,
    0.003700000000000009,
    0.00381200000000001,
    0.003924000000000011,
    0.004040000000000016,
    0.004156000000000021,
    0.004280000000000006,
    0.004408000000000023,
    0.004536000000000012,
    0.0046720000000000095,
    0.004808000000000007,
    0.004952000000000012,
    0.005096000000000017,
    0.005248000000000003,
    0.005400000000000016,
    0.005560000000000009,
    0.005724000000000007,
    0.005896000000000012,
    0.006068000000000018,
    0.0062480000000000036,
    0.006432000000000021,
    0.006620000000000015,
    0.0068160000000000165,
    0.007020000000000026,
    0.007224000000000008,
    0.007440000000000002,
    0.007660000000000028,
    0.007884000000000002,
    0.008116000000000012,
    0.008356000000000002,
    0.008604000000000028,
    0.008856000000000003,
    0.009120000000000017,
    0.009388000000000007,
    0.009664000000000006,
    0.009952000000000016,
    0.010244000000000003,
    0.010548000000000002,
    0.010856000000000005,
    0.011180000000000023,
    0.011508000000000018,
    0.011848000000000025,
    0.012196000000000012,
    0.012556000000000012,
    0.012928000000000023,
    0.013308000000000014,
    0.013704000000000022,
    0.01410800000000001,
    0.014524000000000009,
    0.01495200000000002,
    0.015392000000000017,
    0.015848,
    0.016316000000000025,
    0.016796000000000005,
    0.017292000000000002,
    0.017804000000000014,
    0.01832800000000001,
    0.018868000000000024,
    0.019428,
    0.020000000000000018
  ],
  "gated_time_abs": [
    0.203452,
    0.203548,
    0.203644,
    0.203744,
    0.203848,
    0.203952,
    0.204064,
    0.204176,
    0.204292,
    0.204408,
    0.204532,
    0.20466,
    0.204788,
    0.204924,
    0.20506,
    0.205204,
    0.205348,
    0.2055,
    0.205652,
    0.205812,
    0.205976,
    0.206148,
    0.20632,
    0.2065,
    0.206684,
    0.206872,
    0.207068,
    0.207272,
    0.207476,
    0.207692,
    0.207912,
    0.208136,
    0.208368,
    0.208608,
    0.208856,
    0.209108,
    0.209372,
    0.20964,
    0.209916,
    0.210204,
    0.210496,
    0.2108,
    0.211108,
    0.211432,
    0.21176,
    0.2121,
    0.212448,
    0.212808,
    0.21318,
    0.21356,
    0.213956,
    0.21436,
    0.214776,
    0.215204,
    0.215644,
    0.2161,
    0.216568,
    0.217048,
    0.217544,
    0.218056,
    0.21858,
    0.21912,
    0.21968,
    0.220252
  ],
  "gated_rx": [
    0.8474825092721114,
    0.48616968250102927,
    0.32452259420253565,
    0.23790812696289626,
    0.1872622938449191,
    0.15578858359350695,
    0.1329052384121383,
    0.11654692486401041,
    0.10376742297077171,
    0.09376606008170897,
    0.08515959076309879,
    0.0780445148290353,
    0.07153155377183022,
    0.06583427609497351,
    0.0609958409533278,
    0.056549890538910935,
    0.052514104350583506,
    0.048696714918480204,
    0.04528750137891819,
    0.0420912394239075,
    0.039129263299181705,
    0.03631254270377904,
    0.033867851707817816,
    0.03137154008919092,
    0.028838955238349468,
    0.026549711959185297,
    0.0244494207603084,
    0.022554730613440523,
    0.020862188361446023,
    0.019251734975834944,
    0.017791362788626818,
    0.016457487833212745,
    0.015190963027246686,
    0.014005146001570008,
    0.012901531832026948,
    0.011882319088327558,
    0.01091205450587002,
    0.010020232747984706,
    0.009200836189401018,
    0.008419035223866491,
    0.007699444860088163,
    0.007026285820445057,
    0.006401707854125999,
    0.005820711976751406,
    0.005279433468776222,
    0.0047757182456275036,
    0.004310573187569183,
    0.0038653535370243466,
    0.0034444696652372506,
    0.00308036525321656,
    0.0027379132568970638,
    0.0024473397725831778,
    0.0021976334990428427,
    0.0019952104825630545,
    0.001820386541308869,
    0.0016642546147164305,
    0.001500833899331529,
    0.001347525892596573,
    0.001191836805333412,
    0.0010433450580192107,
    0.0008865961842248281,
    0.000746977694306383,
    0.0006484950124384449,
    0.0005557218274506264
  ],
  "time_gate_start": 0.0032,
  "time_gate_end": 0.02,
  "time_gate_count": 64
}