{
  "wave_start_time": [
    0.0,
    0.0012520000000000031,
    0.002944000000000002,
    0.0029720000000000024
  ],
  "wave_amp": [
    0.8117770774354229,
    39.63349812162229,
    53.376954150991935,
    -0.03344790801698104
  ],
  "wave_start_time_real_axis": [
    0.20025199999999999,
    0.201504,
    0.203196,
    0.203224
  ],
  "waveform_time_origin": 0.20025199999999999,
  "time_origin": 0.20025199999999999,
  "gated_time": [
    0.0032000000000000084,
    0.003296000000000021,
    0.003392000000000006,
    0.003492000000000023,
    0.003596000000000016,
    0.003700000000000009,
    0.00381200000000001,
    0.003924000000000011,
    0.004040000000000016,
    0.004156000000000021,
    0.004280000000000006,
    0.004408000000000023,
    0.004536000000000012,
    0.0046720000000000095,
    0.004808000000000007,
    0.004952000000000012,
    0.005096000000000017,
    0.005248000000000003,
    0.005400000000000016,
    0.005560000000000009,
    0.005724000000000007,
    0.005896000000000012,
    0.006068000000000018,
    0.0062480000000000036,
    0.006432000000000021,
    0.006620000000000015,
    0.0068160000000000165,
    0.007020000000000026,
    0.007224000000000008,
    0.007440000000000002,
    0.007660000000000028,
    0.007884000000000002,
    0.008116000000000012,
    0.008356000000000002,
    0.008604000000000028,
    0.008856000000000003,
    0.009120000000000017,
    0.009388000000000007,
    0.009664000000000006,
    0.009952000000000016,
    0.010244000000000003,
    0.010548000000000002,
    0.010856000000000005,
    0.011180000000000023,
    0.011508000000000018,
    0.011848000000000025,
    0.012196000000000012,
    0.012556000000000012,
    0.012928000000000023,
    0.013308000000000014,
    0.013704000000000022,
    0.01410800000000001,
    0.014524000000000009,
    0.01495200000000002,
    0.015392000000000017,
    0.015848,
    0.016316000000000025,
    0.016796000000000005,
    0.017292000000000002,
    0.017804000000000014,
    0.01832800000000001,
    0.018868000000000024,
    0.019428,
    0.020000000000000018
  ],
  "gated_time_abs": [
    0.203452,
    0.203548,
    0.203644,
    0.203744,
    0.203848,
    0.203952,
    0.204064,
    0.204176,
    0.204292,
    0.204408,
    0.204532,
    0.20466,
    0.204788,
    0.204924,
    0.20506,
    0.205204,
    0.205348,
    0.2055,
    0.205652,
    0.205812,
    0.205976,
    0.206148,
    0.20632,
    0.2065,
    0.206684,
    0.206872,
    0.207068,
    0.207272,
    0.207476,
    0.207692,
    0.207912,
    0.208136,
    0.208368,
    0.208608,
    0.208856,
    0.209108,
    0.209372,
    0.20964,
    0.209916,
    0.210204,
    0.210496,
    0.2108,
    0.211108,
    0.211432,
    0.21176,
    0.2121,
    0.212448,
    0.212808,
    0.21318,
    0.21356,
    0.213956,
    0.21436,
    0.214776,
    0.215204,
    0.215644,
    0.2161,
    0.216568,
    0.217048,
    0.217544,
    0.218056,
    0.21858,
    0.21912,
    0.21968,
    0.220252
  ],
  "gated_rx": [
    0.5602691293526306,
    0.35401638042884376,
    0.25468665634025905,
    0.19750843788459016,
    0.1615898145930164,
    0.13806940336965787,
    0.12007609604788051,
    0.10660510814312872,
    0.09569367740469586,
    0.08690346781852076,
    0.07918933897463042,
    0.07251365253452778,
    0.06677776217870768,
    0.061484494398113355,
    0.056846800156668854,
    0.052511614750231105,
    0.04869933703171713,
    0.04513078619343924,
    0.04195547455500125,
    0.038964554250104665,
    0.036211054852798075,
    0.03359931431449216,
    0.03138440308564854,
    0.029092691405520336,
    0.026762294540850426,
    0.02465559817106619,
    0.022721239606842986,
    0.020962010440311485,
    0.019396144698842373,
    0.017909448769766242,
    0.01655410249203944,
    0.015317446490369055,
    0.014142341718041622,
    0.013044877609726087,
    0.01201967960747303,
    0.011074437398017448,
    0.010176389677011713,
    0.009346995631004312,
    0.00858250628204492,
    0.007855153897135383,
    0.007185640174570245,
    0.006558082957850009,
    0.005976284608132838,
    0.005433815305141388,
    0.004926702377572474,
    0.00445612768744072,
    0.004018811120514097,
    0.0036060076341852608,
    0.003219380862128888,
    0.0028827848005500535,
    0.0025707437396750494,
    0.0023027218508173282,
    0.002072017143791996,
    0.0018806999089531218,
    0.001713214034271826,
    0.00156028263287098,
    0.0014061282917077398,
    0.001259322327087471,
    0.0011130611710710437,
    0.0009713876551847109,
    0.0008283945029796267,
    0.000703514031874334,
    0.0006098467135064851,
    0.0005251605551283303
  ],
  "time_gate_start": 0.0032,
  "time_gate_end": 0.02,
  "time_gate_count": 64
}