{
  "wave_start_time": [
    0.0,
    0.0011079999999999979,
    0.002944000000000002,
    0.0029840000000000144
  ],
  "wave_amp": [
    1.002319126179232,
    40.41032339943231,
    46.78126781953476,
    -0.1262760856099867
  ],
  "wave_start_time_real_axis": [
    0.200256,
    0.201364,
    0.2032,
    0.20324
  ],
  "waveform_time_origin": 0.200256,
  "time_origin": 0.200256,
  "gated_time": [
    0.0032000000000000084,
    0.003296000000000021,
    0.003392000000000006,
    0.003492000000000023,
    0.003596000000000016,
    0.003700000000000009,
    0.00381200000000001,
    0.003924000000000011,
    0.004040000000000016,
    0.004156000000000021,
    0.004280000000000006,
    0.004408000000000023,
    0.004536000000000012,
    0.0046720000000000095,
    0.004808000000000007,
    0.004952000000000012,
    0.005096000000000017,
    0.005248000000000003,
    0.005400000000000016,
    0.005560000000000009,
    0.005724000000000007,
    0.005896000000000012,
    0.006068000000000018,
    0.0062480000000000036,
    0.006432000000000021,
    0.006620000000000015,
    0.0068160000000000165,
    0.0070199999999999985,
    0.007224000000000008,
    0.007440000000000002,
    0.00766,
    0.007884000000000002,
    0.008116000000000012,
    0.008356000000000002,
    0.008604,
    0.008856000000000003,
    0.009120000000000017,
    0.009388000000000007,
    0.009664000000000006,
    0.009952000000000016,
    0.010244000000000003,
    0.010548000000000002,
    0.010856000000000005,
    0.011180000000000023,
    0.011508000000000018,
    0.011847999999999997,
    0.012196000000000012,
    0.012556000000000012,
    0.012928000000000023,
    0.013308000000000014,
    0.013704000000000022,
    0.01410800000000001,
    0.014524000000000009,
    0.01495200000000002,
    0.015392000000000017,
    0.015848,
    0.016315999999999997,
    0.016796000000000005,
    0.017292000000000002,
    0.017804000000000014,
    0.01832800000000001,
    0.018868000000000024,
    0.019428,
    0.020000000000000018
  ],
  "gated_time_abs": [
    0.203456,
    0.203552,
    0.203648,
    0.203748,
    0.203852,
    0.203956,
    0.204068,
    0.20418,
    0.204296,
    0.204412,
    0.204536,
    0.204664,
    0.204792,
    0.204928,
    0.205064,
    0.205208,
    0.205352,
    0.205504,
    0.205656,
    0.205816,
    0.20598,
    0.206152,
    0.206324,
    0.206504,
    0.206688,
    0.206876,
    0.207072,
    0.207276,
    0.20748,
    0.207696,
    0.207916,
    0.20814,
    0.208372,
    0.208612,
    0.20886,
    0.209112,
    0.209376,
    0.209644,
    0.20992,
    0.210208,
    0.2105,
    0.210804,
    0.211112,
    0.211436,
    0.211764,
    0.212104,
    0.212452,
    0.212812,
    0.213184,
    0.213564,
    0.21396,
    0.214364,
    0.21478,
    0.215208,
    0.215648,
    0.216104,
    0.216572,
    0.217052,
    0.217548,
    0.21806,
    0.218584,
    0.219124,
    0.219684,
    0.220256
  ],
  "gated_rx": [
    0.69539014259766,
    0.41285997476455405,
    0.2808853033243849,
    0.20987508911628522,
    0.16780591297750863,
    0.14117454862693057,
    0.12155187777808474,
    0.1073787995901893,
    0.0961806800987674,
    0.08731316420700437,
    0.07955476200251865,
    0.07285216119350489,
    0.06714002922108142,
    0.06194045724983849,
    0.05744524724793358,
    0.05329687407501894,
    0.049607309727787575,
    0.04612583529115594,
    0.04301417646097573,
    0.04007801830245453,
    0.037362636254387294,
    0.03479950243045153,
    0.032643846033557355,
    0.030317041031656815,
    0.02789247780447683,
    0.025689168418418597,
    0.023667518799627068,
    0.021836441008921632,
    0.0202003624478322,
    0.018644237544098934,
    0.017232004348618525,
    0.015939215664409423,
    0.014714918322825595,
    0.013568225937205672,
    0.012500252529162429,
    0.011513609712859538,
    0.0105745891858607,
    0.009712955499275725,
    0.008918066265043165,
    0.008160348131068572,
    0.007463888986522331,
    0.006810318100661917,
    0.006206621194222909,
    0.0056410669319449346,
    0.005118017242057267,
    0.004628525353126988,
    0.0041773815369368006,
    0.00374665266406996,
    0.0033419971042139445,
    0.0029886331308703043,
    0.002659332739349131,
    0.0023789741641488775,
    0.0021377895202775257,
    0.0019399214264866167,
    0.001769075705041156,
    0.0016157680238881073,
    0.0014564531429535241,
    0.0013069627541325369,
    0.0011562884378364501,
    0.0010102423753144715,
    0.0008595924399181251,
    0.000726597784366061,
    0.0006299519545327425,
    0.0005406145441053341
  ],
  "time_gate_start": 0.0032,
  "time_gate_end": 0.02,
  "time_gate_count": 64
}