{
  "wave_start_time": [
    0.0,
    0.0010999999999999899,
    0.002935999999999994,
    0.00295200000000001
  ],
  "wave_amp": [
    1.1195757715600991,
    39.496698701639254,
    28.391517222936738,
    -0.2581898116632125
  ],
  "wave_start_time_real_axis": [
    0.200256,
    0.20135599999999998,
    0.20319199999999998,
    0.203208
  ],
  "waveform_time_origin": 0.200256,
  "time_origin": 0.200256,
  "gated_time": [
    0.0032000000000000084,
    0.003296000000000021,
    0.003392000000000006,
    0.003492000000000023,
    0.003596000000000016,
    0.003700000000000009,
    0.00381200000000001,
    0.003924000000000011,
    0.004040000000000016,
    0.004156000000000021,
    0.004280000000000006,
    0.004408000000000023,
    0.004536000000000012,
    0.0046720000000000095,
    0.004808000000000007,
    0.004952000000000012,
    0.005096000000000017,
    0.005248000000000003,
    0.005400000000000016,
    0.005560000000000009,
    0.005724000000000007,
    0.005896000000000012,
    0.006068000000000018,
    0.0062480000000000036,
    0.006432000000000021,
    0.006620000000000015,
    0.0068160000000000165,
    0.0070199999999999985,
    0.007224000000000008,
    0.007440000000000002,
    0.00766,
    0.007884000000000002,
    0.008116000000000012,
    0.008356000000000002,
    0.008604,
    0.008856000000000003,
    0.009120000000000017,
    0.009388000000000007,
    0.009664000000000006,
    0.009952000000000016,
    0.010244000000000003,
    0.010548000000000002,
    0.010856000000000005,
    0.011180000000000023,
    0.011508000000000018,
    0.011847999999999997,
    0.012196000000000012,
    0.012556000000000012,
    0.012928000000000023,
    0.013308000000000014,
    0.013704000000000022,
    0.01410800000000001,
    0.014524000000000009,
    0.01495200000000002,
    0.015392000000000017,
    0.015848,
    0.016315999999999997,
    0.016796000000000005,
    0.017292000000000002,
    0.017804000000000014,
    0.01832800000000001,
    0.018868000000000024,
    0.019428,
    0.020000000000000018
  ],
  "gated_time_abs": [
    0.203456,
    0.203552,
    0.203648,
    0.203748,
    0.203852,
    0.203956,
    0.204068,
    0.20418,
    0.204296,
    0.204412,
    0.204536,
    0.204664,
    0.204792,
    0.204928,
    0.205064,
    0.205208,
    0.205352,
    0.205504,
    0.205656,
    0.205816,
    0.20598,
    0.206152,
    0.206324,
    0.206504,
    0.206688,
    0.206876,
    0.207072,
    0.207276,
    0.20748,
    0.207696,
    0.207916,
    0.20814,
    0.208372,
    0.208612,
    0.20886,
    0.209112,
    0.209376,
    0.209644,
    0.20992,
    0.210208,
    0.2105,
    0.210804,
    0.211112,
    0.211436,
    0.211764,
    0.212104,
    0.212452,
    0.212812,
    0.213184,
    0.213564,
    0.21396,
    0.214364,
    0.21478,
    0.215208,
    0.215648,
    0.216104,
    0.216572,
    0.217052,
    0.217548,
    0.21806,
    0.218584,
    0.219124,
    0.219684,
    0.220256
  ],
  "gated_rx": [
    0.8138754629778896,
    0.49932958163301727,
    0.34591237669658814,
    0.25918523543711264,
    0.20601980598373817,
    0.17185849918140217,
    0.1463467580814143,
    0.12779667573215997,
    0.11313733854344951,
    0.10161676962351611,
    0.09168502063207112,
    0.08326790076437544,
    0.07618799574878218,
    0.06978054044321266,
    0.06426964120289098,
    0.05917632629814201,
    0.05469494055899116,
    0.0505047062486473,
    0.04680784284125271,
    0.04335821884070384,
    0.04019698147519228,
    0.03723862356246105,
    0.03472703291897996,
    0.03214256522426324,
    0.029559225036839252,
    0.027233354658294306,
    0.02508615821247425,
    0.023140371623898315,
    0.02141247670482738,
    0.01977031604303596,
    0.01827067063331893,
    0.016914437330675658,
    0.015609346426984017,
    0.014397333833058449,
    0.013263404319731179,
    0.01222004171362059,
    0.01122978917375245,
    0.010306176858199472,
    0.009464692050236713,
    0.00866254502467065,
    0.007922190412650595,
    0.0072341489131956425,
    0.00658787885409341,
    0.005999067205427539,
    0.005432638089862517,
    0.004917974557123473,
    0.004435100606544936,
    0.003978383477318703,
    0.003543480927529568,
    0.003176634923439839,
    0.002827574718807069,
    0.00252800932413426,
    0.0022708952060510185,
    0.0020631465110536617,
    0.001880702078200912,
    0.0017143438389154758,
    0.0015481793956687092,
    0.0013874844071097472,
    0.001225234701244849,
    0.001073964104737693,
    0.0009146162558129129,
    0.0007726769075486039,
    0.0006708431850462337,
    0.0005758957670849647
  ],
  "time_gate_start": 0.0032,
  "time_gate_end": 0.02,
  "time_gate_count": 64
}